{"settings":{"page_id":1353483786,"title":"Design Settings","alias":"design-settings","adminMenuTopItem":"current-theme","showPageTitle":true,"access":"edit_theme_options","pageDescription":"Configure the appearance of your site and customize it for your needs . Set logos, colors, fonts and more.","icon":"menu-icon-appearance"},"sortOrder":{"1353483757947":{"none":"none","1353483757953":{"none":"none","1tcA8YRYgVMg":"1tcA8YRYgVMg","385yX4789JwP":"385yX4789JwP","PqXS3JpuxSHU":"PqXS3JpuxSHU","lE58HoSGnC4Q":"lE58HoSGnC4Q"},"1353487510068":{"none":"none","W7bZkKTHYU1P":"W7bZkKTHYU1P","A770yySf7eqN":"A770yySf7eqN","A3bPpJ1RfBjs":"A3bPpJ1RfBjs","nHjTLBguvwJI":"nHjTLBguvwJI"},"ZY7QHFrp8fGQ":{"none":"none","X99ewuHwKzvk":"X99ewuHwKzvk","uHgx178NXItN":"uHgx178NXItN","VcbMvRbRYqjs":"VcbMvRbRYqjs","AlULk5MgeqsI":"AlULk5MgeqsI","oaeC73kl1WTh":"oaeC73kl1WTh","u3y9yyjTJAje":"u3y9yyjTJAje","3PfEhHtYRWJA":"3PfEhHtYRWJA","5mzQGPwwzRmH":"5mzQGPwwzRmH","8rILyhNB65PP":"8rILyhNB65PP","69On7KvW5d7k":"69On7KvW5d7k"}},"1353484326456":{"none":"none","1353484454544":{"none":"none","STgnWuxMcblE":"STgnWuxMcblE","nCg8KaYyG9gY":"nCg8KaYyG9gY","XyyVtNpQy7jO":"XyyVtNpQy7jO","XER6Fwk9GvdT":"XER6Fwk9GvdT","wayxpc0VfZZN":"wayxpc0VfZZN","kLg49nJstgjR":"kLg49nJstgjR"}},"1353484334535":{"none":"none","1363073279881":{"none":"none","0uVMyAr0ORJl":"0uVMyAr0ORJl","h9qiGZAEO0yB":"h9qiGZAEO0yB","26rfkBafuVPp":"26rfkBafuVPp","IGoQxwGcfWaF":"IGoQxwGcfWaF","PomdeRuE8hFz":"PomdeRuE8hFz","ZacMgI0Ha1E8":"ZacMgI0Ha1E8"}}},"elements":{"none":"none","1353483757947":{"index":"1353483757947","template":"tab","title":"General","separate":"","values":"","requiredMessage":"","validationMessage":"","cssClass":"","titleCaption":"","fieldCaption":""},"1353483757953":{"index":"1353483757953","template":"container","type":"invisible","title":" Logo","separate":"","values":"","requiredMessage":"","validationMessage":"","cssClass":"","titleCaption":"","fieldCaption":"","display_on_customization_page":"true","priority":1},"1tcA8YRYgVMg":{"index":"1tcA8YRYgVMg","template":"field","title":"Logo Title","type":"input-text","alias":"logo-title","values":"","required":false,"requiredMessage":"","validation":"","validationMessage":"","cssClass":"","titleCaption":"","fieldCaption":"The site name or logo text.","separate":"","repeating":"","conditionalAlias":"","conditionalValue":"","conditionalAction":""},"385yX4789JwP":{"index":"385yX4789JwP","template":"field","title":"Logo Tagline","type":"checkbox-bool-type","alias":"logo-tagline","values":"","required":null,"requiredMessage":"","titleCaption":"","fieldCaption":"Show tagline below the logo text.","validation":null,"separate":"","validationMessage":"","cssClass":""},"PqXS3JpuxSHU":{"index":"PqXS3JpuxSHU","template":"field","title":"Logo Image","type":"fileupload-type","alias":"logo","values":"","required":false,"requiredMessage":"","validation":null,"validationMessage":"","cssClass":"","titleCaption":"Optional","fieldCaption":"Select an optional image for the site logo.","separate":""},"lE58HoSGnC4Q":{"index":"lE58HoSGnC4Q","template":"field","title":"Link URL","type":"input-text","alias":"logo-link","values":"","required":false,"requiredMessage":"","validation":"","validationMessage":"","cssClass":"","titleCaption":"Optional","fieldCaption":"The URL to link the site logo. If blank the default site URL is used.","separate":""},"1353487510068":{"index":"1353487510068","template":"container","type":"invisible","title":"Link Colors","separate":"","values":"","requiredMessage":"","validationMessage":"","cssClass":"","titleCaption":"","fieldCaption":"","display_on_customization_page":"true","priority":2},"W7bZkKTHYU1P":{"index":"W7bZkKTHYU1P","template":"field","title":"Link","type":"colorpicker-type","alias":"link-color","values":"#21759b","required":false,"requiredMessage":"","validation":null,"validationMessage":"","cssClass":"","titleCaption":"","fieldCaption":"","separate":""},"A770yySf7eqN":{"index":"A770yySf7eqN","template":"field","title":"Hover","type":"colorpicker-type","alias":"link-hover-color","values":"#222222","required":false,"requiredMessage":"","validation":null,"validationMessage":"","cssClass":"","titleCaption":"","fieldCaption":"","separate":""},"A3bPpJ1RfBjs":{"index":"A3bPpJ1RfBjs","template":"field","title":"Underline Links","type":"checkbox-bool-type","alias":"underline-links","values":"","required":null,"requiredMessage":"","validation":null,"validationMessage":"","cssClass":"","titleCaption":"","fieldCaption":"","separate":""},"nHjTLBguvwJI":{"index":"nHjTLBguvwJI","template":"field","title":"Underline on Hover","type":"checkbox-bool-type","alias":"underline-links-hover","values":"","required":null,"requiredMessage":"","validation":null,"validationMessage":"","cssClass":"","titleCaption":"","fieldCaption":"Underline on hover.","separate":""},"ZY7QHFrp8fGQ":{"index":"ZY7QHFrp8fGQ","template":"container","type":"invisible","title":"Font Styles","display_on_customization_page":"true","separate":"","priority":3},"X99ewuHwKzvk":{"index":"X99ewuHwKzvk","template":"field","title":"Default","type":"select-type","alias":"font-default","values":"default=&gt;(default)\r\ngoogle=&gt;Google Font\r\narial=&gt;Arial, Helvetica\r\narial-black=&gt;Arial Black\r\ncourier-new=&gt;Courier New\r\ngeorgia=&gt;Georgia\r\nlucida-console=&gt;Lucida Console\r\nlucida-sans-unicode=&gt;Lucida Sans Unicode\r\npalatino-linotype=&gt;Palatino Linotype\r\ntahoma=&gt;Tahoma, Geneva\r\ntimes-new-roman=&gt;Times New Roman\r\ntrebuchet-ms=&gt;Trebuchet MS, Arial, Helvetica\r\nverdana=&gt;Verdana, Geneva\r\n","required":null,"requiredMessage":"","validation":null,"validationMessage":"","repeating":false,"conditionalAlias":"","conditionalValue":"","conditionalAction":"hide","separate":"","titleCaption":"","fieldCaption":"Choose the heading font family.","cssClass":"","previewText":"","family":"open sans","style":"normal","weight":"bold","size":"32px","color":"#000000"},"uHgx178NXItN":{"index":"uHgx178NXItN","template":"field","title":"","type":"select-type","alias":"font-default-style","values":"normal=&gt;Normal\r\nbold=&gt;Bold\r\nitalic=&gt;Italic\r\nbold-italic=&gt;Bold Italic\r\n","required":null,"requiredMessage":"","validation":null,"validationMessage":"","repeating":false,"conditionalAlias":"font-default","conditionalValue":"google","conditionalAction":"hide","titleCaption":"","fieldCaption":"","cssClass":"","family":"Open Sans","weight":"bold","size":"32px","separate":""},"VcbMvRbRYqjs":{"index":"VcbMvRbRYqjs","template":"field","title":"","type":"input-text","alias":"font-default-size","values":"32","required":false,"requiredMessage":"","validation":"","validationMessage":"","repeating":false,"conditionalAlias":"font-default","conditionalValue":"google","conditionalAction":"hide","titleCaption":"","fieldCaption":"For example: 12, 24px, 1em, 1.75","separate":""},"AlULk5MgeqsI":{"index":"AlULk5MgeqsI","template":"field","title":"","type":"font-select-type","alias":"font-default-google","values":"","required":null,"requiredMessage":"","validation":null,"validationMessage":"","repeating":"false","conditionalAlias":"font-default","conditionalValue":"google","conditionalAction":"show","separate":"none","titleCaption":"","fieldCaption":"Click the button to edit Google font styles.","cssClass":"","previewText":"","family":"Open Sans","style":"normal","weight":"normal","size":"14px","color":"#000000"},"oaeC73kl1WTh":{"index":"oaeC73kl1WTh","template":"field","title":"","type":"colorpicker-type","alias":"font-default-color","values":"","required":false,"requiredMessage":"","validation":null,"validationMessage":"","repeating":false,"conditionalAlias":"font-default","conditionalValue":"google","conditionalAction":"hide","titleCaption":"","fieldCaption":"","separate":""},"u3y9yyjTJAje":{"index":"u3y9yyjTJAje","template":"field","title":"Headings","type":"select-type","alias":"font-heading","values":"default=&gt;(default)\r\ngoogle=&gt;Google Font\r\narial=&gt;Arial, Helvetica\r\narial-black=&gt;Arial Black\r\ncourier-new=&gt;Courier New\r\ngeorgia=&gt;Georgia\r\nlucida-console=&gt;Lucida Console\r\nlucida-sans-unicode=&gt;Lucida Sans Unicode\r\npalatino-linotype=&gt;Palatino Linotype\r\ntahoma=&gt;Tahoma, Geneva\r\ntimes-new-roman=&gt;Times New Roman\r\ntrebuchet-ms=&gt;Trebuchet MS, Arial, Helvetica\r\nverdana=&gt;Verdana, Geneva\r\n","required":null,"requiredMessage":"","validation":null,"validationMessage":"","repeating":false,"conditionalAlias":"","conditionalValue":"","conditionalAction":"hide","separate":"","titleCaption":"","fieldCaption":"Choose the heading font family.","cssClass":"","previewText":"","family":"open sans","style":"normal","weight":"bold","size":"32px","color":"#000000"},"3PfEhHtYRWJA":{"index":"3PfEhHtYRWJA","template":"field","title":"","type":"select-type","alias":"font-heading-style","values":"normal=&gt;Normal\r\nbold=&gt;Bold\r\nitalic=&gt;Italic\r\nbold-italic=&gt;Bold Italic\r\n","required":null,"requiredMessage":"","validation":null,"validationMessage":"","repeating":false,"conditionalAlias":"font-heading","conditionalValue":"google","conditionalAction":"hide","titleCaption":"","fieldCaption":"","cssClass":"","family":"Open Sans","weight":"bold","size":"32px","separate":""},"5mzQGPwwzRmH":{"index":"5mzQGPwwzRmH","template":"field","title":"","type":"input-text","alias":"font-heading-size","values":"32","required":false,"requiredMessage":"","validation":"","validationMessage":"","repeating":false,"conditionalAlias":"font-heading","conditionalValue":"google","conditionalAction":"hide","titleCaption":"","fieldCaption":"For example: 12, 24px, 1em, 1.75","separate":""},"8rILyhNB65PP":{"index":"8rILyhNB65PP","template":"field","title":"","type":"colorpicker-type","alias":"font-heading-color","values":"","required":false,"requiredMessage":"","validation":null,"validationMessage":"","repeating":false,"conditionalAlias":"font-heading","conditionalValue":"google","conditionalAction":"hide","titleCaption":"","fieldCaption":"","separate":""},"69On7KvW5d7k":{"index":"69On7KvW5d7k","template":"field","title":"","type":"font-select-type","alias":"font-heading-google","values":"","required":null,"requiredMessage":"","validation":null,"validationMessage":"","repeating":"false","conditionalAlias":"font-heading","conditionalValue":"google","conditionalAction":"show","separate":"none","titleCaption":"","fieldCaption":"Click the button to edit Google font styles.","cssClass":"","previewText":"","family":"open sans","style":"normal","weight":"bold","size":"32px","color":"#000000"},"1353484326456":{"index":"1353484326456","template":"tab","title":"Header","separate":"","values":"","requiredMessage":"","validationMessage":"","cssClass":"","titleCaption":"","fieldCaption":""},"1353484454544":{"index":"1353484454544","template":"container","type":"invisible","title":"Header","separate":"","values":"","requiredMessage":"","validationMessage":"","cssClass":"","titleCaption":"","fieldCaption":"","display_on_customization_page":"true","priority":4},"STgnWuxMcblE":{"index":"STgnWuxMcblE","template":"field","title":"Text Color","type":"colorpicker-type","alias":"header-text-color","values":"#515151","required":false,"requiredMessage":"","titleCaption":"","fieldCaption":"Set the header text color.","validation":null,"separate":"","validationMessage":"","cssClass":""},"nCg8KaYyG9gY":{"index":"nCg8KaYyG9gY","template":"field","title":"Background","type":"colorpicker-type","alias":"header-background-color","values":"#EEEEEE","required":"Yes","requiredMessage":"Please enter a background color.","validation":null,"validationMessage":"","cssClass":"","titleCaption":"","fieldCaption":"The background color of the header.","separate":""},"XyyVtNpQy7jO":{"index":"XyyVtNpQy7jO","template":"field","title":"Image","type":"fileupload-type","alias":"header-background-image","values":"","required":false,"requiredMessage":"","validation":null,"validationMessage":"","cssClass":"","titleCaption":"","fieldCaption":"Optional background image.","separate":""},"XER6Fwk9GvdT":{"index":"XER6Fwk9GvdT","template":"field","title":"","type":"radio-buttons-image","alias":"header-background-image-pos-x","values":"left=&gt;..\/wp-content\/themes\/liftoff\/assets\/images\/align-left.png\r\ncenter=&gt;..\/wp-content\/themes\/liftoff\/assets\/images\/align-center.png\r\nright=&gt;..\/wp-content\/themes\/liftoff\/assets\/images\/align-right.png\r\n","required":false,"requiredMessage":"","validation":null,"validationMessage":"","cssClass":"","titleCaption":"","fieldCaption":"Horizontal position of the background image.","image_size":"32","separate":""},"wayxpc0VfZZN":{"index":"wayxpc0VfZZN","template":"field","title":"","type":"radio-buttons-image","alias":"header-background-image-pos-y","separate":"","values":"top=&gt;..\/wp-content\/themes\/liftoff\/assets\/images\/align-top.png\r\ncenter=&gt;..\/wp-content\/themes\/liftoff\/assets\/images\/align-middle.png\r\nbottom=&gt;..\/wp-content\/themes\/liftoff\/assets\/images\/align-bottom.png\r\n","requiredMessage":"","validationMessage":"","cssClass":"","titleCaption":"","fieldCaption":"Vertical position of the background image.","required":false,"validation":null,"image_size":"32"},"kLg49nJstgjR":{"index":"kLg49nJstgjR","template":"field","title":"","type":"select-type","alias":"header-background-image-repeat","separate":"","values":"no-repeat=&gt;No Repeat\r\nrepeat=&gt;Repeat\r\nrepeat-x=&gt;Repeat Horizontal (repeat-x)\r\nrepeat-y=&gt;Repeat Vertical (repeat-y)\r\nfixed=&gt;Fixed position\r\n","requiredMessage":"","validationMessage":"","cssClass":"","titleCaption":"","fieldCaption":"Background image repeat.","required":null,"validation":null},"1353484334535":{"index":"1353484334535","template":"tab","title":"Footer","separate":"","values":"","requiredMessage":"","validationMessage":"","cssClass":"","titleCaption":"","fieldCaption":""},"1363073279881":{"index":"1363073279881","template":"container","type":"invisible","title":"Footer","display_on_customization_page":"true","separate":"","values":"","requiredMessage":"","validationMessage":"","cssClass":"","titleCaption":"","fieldCaption":"","priority":5},"0uVMyAr0ORJl":{"index":"0uVMyAr0ORJl","template":"field","title":"Text Color","type":"colorpicker-type","alias":"footer-text-color","values":"#515151","required":false,"requiredMessage":"","titleCaption":"","fieldCaption":"","validation":null,"separate":"","validationMessage":"","cssClass":""},"h9qiGZAEO0yB":{"index":"h9qiGZAEO0yB","template":"field","title":"Background","type":"colorpicker-type","alias":"footer-background-color","values":"#EEEEEE","required":"Yes","requiredMessage":"Please enter a background color.","titleCaption":"","fieldCaption":"The background color of the footer.","separate":"","validationMessage":"","cssClass":"","validation":null},"26rfkBafuVPp":{"index":"26rfkBafuVPp","template":"field","title":"Image","type":"fileupload-type","alias":"footer-background-image","values":"","required":false,"requiredMessage":"","titleCaption":"","fieldCaption":"Optional background image.","validation":null,"separate":"","validationMessage":"","cssClass":""},"IGoQxwGcfWaF":{"index":"IGoQxwGcfWaF","template":"field","title":"","type":"radio-buttons-image","alias":"footer-background-image-pos-x","values":"left=&gt;..\/wp-content\/themes\/liftoff\/assets\/images\/align-left.png\r\ncenter=&gt;..\/wp-content\/themes\/liftoff\/assets\/images\/align-center.png\r\nright=&gt;..\/wp-content\/themes\/liftoff\/assets\/images\/align-right.png\r\n","required":false,"requiredMessage":"","titleCaption":"","fieldCaption":"Horizontal position of the background image.","validation":null,"image_size":"32","separate":"","validationMessage":"","cssClass":""},"PomdeRuE8hFz":{"index":"PomdeRuE8hFz","template":"field","title":"","type":"radio-buttons-image","alias":"footer-background-image-pos-y","values":"top=&gt;..\/wp-content\/themes\/liftoff\/assets\/images\/align-top.png\r\ncenter=&gt;..\/wp-content\/themes\/liftoff\/assets\/images\/align-middle.png\r\nbottom=&gt;..\/wp-content\/themes\/liftoff\/assets\/images\/align-bottom.png\r\n","required":false,"requiredMessage":"","titleCaption":"","fieldCaption":"Vertical position of the background image.","validation":null,"image_size":"32","separate":"","validationMessage":"","cssClass":""},"ZacMgI0Ha1E8":{"index":"ZacMgI0Ha1E8","template":"field","title":"","type":"select-type","alias":"footer-background-image-repeat","values":"no-repeat=&gt;No Repeat\r\nrepeat=&gt;Repeat\r\nrepeat-x=&gt;Repeat Horizontal (repeat-x)\r\nrepeat-y=&gt;Repeat Vertical (repeat-y)\r\nfixed=&gt;Fixed position\r\n","required":null,"requiredMessage":"","titleCaption":"","fieldCaption":"Background image repeat.","validation":null,"separate":"","validationMessage":"","cssClass":""}}}