{"settings":{"page_id":1353489741,"title":"Other Content","alias":"content-options","adminMenuTopItem":"current-theme","showPageTitle":true,"access":"administrator","pageDescription":"Set the header and footer content.","icon":"menu-icon-post"},"sortOrder":{"1353489711977":{"none":"none","1363201828888":{"none":"none","cuUQX3dARqZE":"cuUQX3dARqZE"},"1353489711982":{"none":"none","aj2720ivpFDZ":"aj2720ivpFDZ"}}},"elements":{"none":"none","1353489711977":{"index":"1353489711977","template":"tab","title":"Headers and Footers","separate":"","values":"","requiredMessage":"","validationMessage":"","cssClass":"","titleCaption":"","fieldCaption":""},"1363201828888":{"index":"1363201828888","template":"container","type":"invisible","title":"Header","display_on_customization_page":false,"separate":"","values":"","requiredMessage":"","validationMessage":"","cssClass":"","titleCaption":"","fieldCaption":""},"cuUQX3dARqZE":{"index":"cuUQX3dARqZE","template":"field","title":"Header Content","type":"text-editor","alias":"header-content","separate":"none","values":"","requiredMessage":"","validationMessage":"","cssClass":"","titleCaption":"","fieldCaption":"The content to appear in the header below the logo and menu.","required":false,"validation":null},"1353489711982":{"index":"1353489711982","template":"container","type":"invisible","title":"Footers","separate":"","values":"","requiredMessage":"","validationMessage":"","cssClass":"","titleCaption":"","fieldCaption":"","display_on_customization_page":false},"aj2720ivpFDZ":{"index":"aj2720ivpFDZ","template":"field","title":"Footer Content","type":"text-editor","alias":"footer-content","values":"","required":false,"requiredMessage":"","validation":null,"validationMessage":"","cssClass":"","titleCaption":"","fieldCaption":"The content to appear in the footer.","separate":"none"}}}